Player,Ratings,Salaries,Pos,Age,Tm,G,GS,MP,FG,FGA,FGp,3P,3PA,threePp,2P,2PA,twoPp,eFG%,FT,FTA,FTp,ORB,DRB,TRB,AST,STL,BLK,TOV,PF,PTS
LeBron James,97,"$37,436,858",PG,35,LAL,60,60,34.9,9.8,19.6,.498,2.2,6.4,.349,7.6,13.3,.570,.555,4.0,5.7,.697,1.0,6.9,7.9,10.6,1.2,0.5,4.0,1.8,25.7
Kawhi Leonard,97,"$32,742,000",SF,28,LAC,51,51,32.2,9.3,19.9,.469,2.1,5.7,.366,7.2,14.2,.510,.521,6.1,6.9,.889,1.0,6.3,7.3,5.0,1.8,0.6,2.7,1.9,26.9
Giannis Antetokounmpo,96,"$25,842,697",PF,25,MIL,57,57,30.9,10.9,20.0,.547,1.5,4.8,.306,9.5,15.2,.622,.583,6.3,10.0,.633,2.3,11.5,13.7,5.8,1.0,1.0,3.7,3.0,29.6
James Harden,96,"$38,199,000",SG,30,HOU,61,61,36.7,9.9,22.7,.435,4.4,12.6,.352,5.4,10.1,.538,.533,10.1,11.8,.861,1.0,5.3,6.4,7.4,1.7,0.9,4.5,3.4,34.4
Stephen Curry,95,"$40,231,758",PG,31,GSW,5,5,27.8,6.6,16.4,.402,2.4,9.8,.245,4.2,6.6,.636,.476,5.2,5.2,1.000,0.8,4.4,5.2,6.6,1.0,0.4,3.2,2.2,20.8
Anthony Davis,94,"$27,093,019",PF,26,LAL,55,55,34.3,9.2,18.1,.511,1.2,3.5,.335,8.1,14.5,.554,.544,7.0,8.3,.845,2.3,7.1,9.4,3.1,1.5,2.4,2.5,2.5,26.7
Paul George,93,"$33,005,556",SF,29,LAC,42,42,29.1,6.9,16.0,.432,3.2,7.9,.399,3.8,8.1,.463,.530,3.9,4.5,.882,0.5,5.2,5.7,3.9,1.3,0.5,2.7,2.4,21.0
Damian Lillard,92,"$29,802,321",PG,29,POR,58,58,36.9,9.2,20.0,.457,3.9,9.9,.394,5.3,10.2,.518,.554,6.7,7.6,.888,0.5,3.8,4.3,7.8,1.0,0.4,2.9,1.7,28.9
Joel Embiid,91,"$27,504,630",C,25,PHI,44,44,30.2,7.5,15.9,.474,1.3,3.7,.348,6.3,12.3,.511,.514,7.1,8.7,.814,2.8,9.0,11.8,3.1,0.9,1.3,3.1,3.4,23.4
Kyrie Irving,91,"$31,742,000",PG,27,BRK,20,20,32.9,10.0,20.8,.478,2.8,7.1,.394,7.2,13.7,.522,.546,4.7,5.1,.922,1.1,4.1,5.2,6.4,1.4,0.5,2.6,2.7,27.4
Russell Westbrook,90,"$38,506,482",PG,31,HOU,53,53,35.9,10.7,22.6,.474,1.0,3.8,.254,9.8,18.8,.518,.495,5.1,6.5,.777,1.8,6.3,8.0,7.0,1.7,0.3,4.5,3.5,27.5
Karl-Anthony Towns,89,"$27,285,000",C,24,MIN,35,35,33.9,9.0,17.8,.508,3.3,7.9,.412,5.8,9.9,.586,.600,5.1,6.5,.796,2.7,8.1,10.8,4.4,0.9,1.2,3.1,3.3,26.5
Jimmy Butler,88,"$32,742,000",SF,30,MIA,54,54,34.3,6.1,13.4,.454,0.5,2.2,.248,5.5,11.2,.494,.474,7.6,9.1,.833,1.8,4.8,6.6,6.1,1.7,0.5,2.2,1.4,20.2
Rudy Gobert,88,"$25,258,427",C,27,UTA,62,62,34.5,5.7,8.2,.698,0.0,0.0,,5.7,8.2,.698,.698,3.7,5.9,.621,3.4,10.3,13.7,1.5,0.8,2.0,1.9,3.2,15.1
Blake Griffin,88,"$34,449,964",PF,30,DET,18,18,28.4,4.9,13.9,.352,1.5,6.2,.243,3.4,7.7,.439,.406,4.2,5.4,.776,0.9,3.7,4.7,3.3,0.4,0.4,2.2,1.5,15.5
Donovan Mitchell,88,"$3,635,760",SG,23,UTA,63,63,34.4,8.9,19.6,.453,2.5,6.8,.364,6.4,12.8,.501,.517,4.0,4.6,.859,0.7,3.7,4.4,4.2,1.0,0.2,2.7,2.4,24.2
Kemba Walker,88,"$32,742,000",PG,29,BOS,50,50,31.8,7.0,16.6,.421,3.3,8.8,.377,3.7,7.9,.470,.520,3.9,4.5,.867,0.7,3.4,4.1,4.9,0.9,0.5,2.1,1.5,21.2
LaMarcus Aldridge,87,"$26,000,000",C,34,SAS,53,53,33.1,7.4,15.0,.493,1.2,3.0,.389,6.2,12.0,.519,.532,3.0,3.6,.827,1.9,5.5,7.4,2.4,0.7,1.6,1.4,2.4,18.9
Bradley Beal,87,"$27,093,018",SG,26,WAS,57,57,36.0,10.4,22.9,.455,3.0,8.4,.353,7.4,14.4,.515,.520,6.8,8.0,.842,0.9,3.3,4.2,6.1,1.2,0.4,3.4,2.2,30.5
Mike Conley,87,"$32,511,623",PG,32,UTA,41,35,28.6,4.8,11.9,.405,2.0,5.2,.376,2.9,6.7,.429,.488,2.3,2.9,.795,0.7,2.6,3.2,4.3,0.8,0.1,1.9,2.2,13.8
DeMar DeRozan,87,"$27,739,975",SF,30,SAS,61,61,34.3,8.2,15.7,.526,0.1,0.5,.267,8.1,15.2,.535,.530,5.5,6.6,.843,0.6,5.0,5.6,5.6,1.0,0.2,2.4,2.7,22.2
CJ McCollum,87,"$27,556,959",SG,28,POR,62,62,36.0,8.9,19.5,.453,2.8,7.4,.380,6.0,12.2,.497,.525,2.0,2.6,.750,0.7,3.4,4.1,4.3,0.7,0.6,1.9,2.6,22.5
Victor Oladipo,87,"$21,000,000",SG,27,IND,13,10,25.9,4.8,12.4,.391,1.6,5.3,.304,3.2,7.1,.457,.457,2.5,3.2,.780,0.5,2.6,3.2,3.0,0.8,0.2,2.2,1.6,13.8
D'Angelo Russell,87,"$27,285,000",PG,23,MIN,45,45,32.3,8.0,18.8,.426,3.5,9.6,.367,4.5,9.2,.487,.519,3.6,4.4,.809,0.4,3.6,3.9,6.3,1.1,0.3,3.3,1.9,23.1
Pascal Siakam,87,"$2,351,838",PF,25,TOR,53,53,35.5,8.7,18.9,.459,2.2,6.0,.359,6.5,12.8,.506,.517,4.2,5.2,.800,1.1,6.5,7.5,3.6,1.0,0.9,2.5,2.8,23.6
Ben Simmons,87,"$8,113,929",PG,23,PHI,54,54,35.7,6.7,11.4,.585,0.0,0.1,.333,6.6,11.3,.588,.587,3.3,5.3,.627,2.0,5.8,7.8,8.2,2.1,0.6,3.6,3.2,16.7
De'Aaron Fox,86,"$6,392,760",PG,22,SAC,45,43,31.7,7.3,15.4,.475,1.0,3.4,.307,6.3,12.0,.523,.509,4.8,6.8,.703,0.7,3.4,4.0,6.8,1.4,0.5,3.1,2.9,20.4
Devin Booker,86,"$27,285,000",SG,23,PHO,62,62,36.1,8.8,18.0,.487,2.0,5.6,.360,6.7,12.4,.544,.543,6.5,7.1,.916,0.4,3.7,4.2,6.6,0.7,0.3,3.9,3.0,26.1
Andre Drummond,86,"$27,093,018",C,26,CLE,57,56,33.0,7.3,13.8,.533,0.1,0.6,.143,7.2,13.1,.551,.536,3.0,5.2,.575,4.4,10.8,15.2,2.7,1.9,1.6,3.6,3.5,17.7
Draymond Green,86,"$18,539,130",PF,29,GSW,43,43,28.4,2.9,7.3,.389,0.8,3.0,.279,2.0,4.3,.465,.446,1.5,1.9,.759,0.5,5.7,6.2,6.2,1.4,0.8,2.3,2.6,8.0
Jrue Holiday,86,"$26,131,111",SG,29,NOP,55,55,34.9,7.7,16.9,.452,2.1,5.9,.357,5.6,11.1,.502,.514,2.2,3.1,.700,1.3,3.6,4.9,6.9,1.7,0.8,2.9,2.3,19.6
Jayson Tatum,85,"$7,830,000",PF,21,BOS,59,59,34.6,8.5,18.9,.448,2.8,7.1,.398,5.6,11.7,.479,.523,3.8,4.7,.806,1.0,6.1,7.1,2.9,1.4,0.9,2.2,2.1,23.6
Trae Young,85,"$6,273,000",PG,21,ATL,60,60,35.3,9.1,20.8,.437,3.4,9.5,.361,5.7,11.4,.501,.519,8.0,9.3,.860,0.5,3.7,4.3,9.3,1.1,0.1,4.8,1.7,29.6
Eric Bledsoe,85,"$15,625,000",PG,30,MIL,56,56,27.2,5.7,11.8,.482,1.3,3.6,.348,4.4,8.2,.540,.535,2.8,3.4,.813,0.7,3.9,4.6,5.4,0.9,0.4,2.5,2.1,15.4
Clint Capela,85,"$16,896,552",C,25,HOU,39,39,32.8,6.3,9.9,.629,0.0,0.0,,6.3,9.9,.629,.629,1.4,2.7,.529,4.3,9.5,13.8,1.2,0.8,1.8,1.6,2.6,13.9
Tobias Harris,85,"$32,742,000",PF,27,PHI,65,65,34.5,7.6,16.1,.472,1.8,5.0,.362,5.8,11.1,.521,.528,2.4,2.9,.806,0.8,5.9,6.8,3.2,0.8,0.5,1.5,2.3,19.4
Al Horford,85,"$28,000,000",C,33,PHI,60,57,30.8,4.8,10.9,.442,1.5,4.4,.337,3.3,6.5,.513,.510,0.9,1.2,.753,1.5,5.3,6.9,4.1,0.9,0.9,1.1,2.1,12.0
Zach LaVine,85,"$19,500,000",SG,24,CHI,60,60,34.8,9.0,20.0,.450,3.1,8.1,.380,5.9,11.9,.497,.526,4.5,5.6,.802,0.7,4.1,4.8,4.2,1.5,0.5,3.4,2.2,25.5
Kyle Lowry,85,"$33,296,296",PG,33,TOR,52,52,36.6,5.9,14.3,.417,2.9,8.3,.354,3.0,5.9,.505,.520,4.9,5.7,.861,0.6,4.3,4.8,7.7,1.3,0.4,3.0,3.2,19.7
Khris Middleton,85,"$30,603,448",SF,28,MIL,55,52,30.1,7.7,15.5,.499,2.4,5.8,.418,5.3,9.7,.547,.577,3.2,3.6,.908,0.7,5.5,6.2,4.1,0.9,0.1,2.1,2.2,21.1
Chris Paul,85,"$38,506,482",PG,34,OKC,63,63,31.8,6.3,12.8,.489,1.6,4.4,.362,4.7,8.3,.557,.552,3.6,4.0,.900,0.3,4.6,4.9,6.8,1.6,0.1,2.2,2.2,17.7
John Collins,84,"$2,686,560",PF,22,ATL,41,41,33.2,8.6,14.8,.583,1.4,3.6,.401,7.2,11.2,.642,.632,2.9,3.7,.800,2.8,7.3,10.1,1.5,0.8,1.6,1.8,3.4,21.6
Buddy Hield,84,"$4,861,207",SG,27,SAC,64,44,32.0,7.1,16.6,.429,3.8,9.7,.395,3.3,6.9,.477,.544,1.8,2.0,.855,0.9,3.9,4.8,3.1,0.9,0.3,2.3,2.3,19.8
Kyle Kuzma,84,"$1,974,600",PF,24,LAL,54,7,24.6,4.7,10.9,.432,1.3,4.4,.297,3.4,6.5,.523,.491,1.8,2.4,.738,0.9,3.6,4.5,1.3,0.4,0.4,1.6,2.0,12.5
Jamal Murray,84,"$4,444,746",PG,22,DEN,55,55,32.8,7.0,15.4,.455,1.9,5.5,.345,5.1,9.9,.517,.517,2.9,3.2,.893,0.8,3.2,3.9,4.8,1.2,0.3,2.3,1.8,18.8
Malcolm Brogdon,83,"$20,000,000",PG,27,IND,48,48,30.7,6.0,13.7,.439,1.3,4.1,.313,4.8,9.7,.491,.485,3.0,3.4,.895,0.8,3.9,4.7,7.1,0.7,0.2,2.4,1.8,16.3
Danilo Gallinari,83,"$22,615,559",PF,31,OKC,55,55,30.7,6.0,13.6,.439,3.0,7.3,.409,3.0,6.3,.474,.549,4.3,4.8,.886,0.6,4.9,5.5,2.1,0.7,0.1,1.3,1.2,19.2
Montrezl Harrell,83,"$6,000,000",C,26,LAC,63,2,27.8,7.5,12.9,.580,0.0,0.3,.000,7.5,12.6,.593,.580,3.7,5.6,.658,2.6,4.5,7.1,1.7,0.6,1.1,1.7,2.3,18.6
Kevin Love,83,"$28,942,830",PF,31,CLE,56,56,31.8,5.8,13.0,.450,2.6,7.0,.374,3.2,6.0,.537,.550,3.3,3.9,.854,1.0,8.8,9.8,3.2,0.6,0.3,2.5,1.6,17.6
Lauri Markkanen,83,"$5,300,400",PF,22,CHI,50,50,29.8,5.0,11.8,.425,2.2,6.3,.344,2.8,5.5,.518,.517,2.5,3.1,.824,1.2,5.1,6.3,1.5,0.8,0.5,1.6,1.9,14.7
Julius Randle,83,"$18,000,000",PF,25,NYK,64,64,32.5,7.2,15.7,.460,1.0,3.6,.277,6.2,12.1,.515,.492,4.0,5.5,.733,2.4,7.4,9.7,3.1,0.8,0.3,3.0,2.8,19.5
Marc Gasol,82,"$25,595,700",C,35,TOR,36,35,27.5,2.8,6.6,.419,1.4,3.5,.402,1.3,3.0,.440,.528,0.7,1.0,.722,0.8,5.5,6.3,3.4,0.8,0.9,1.2,2.8,7.6
Steven Adams,82,"$25,842,697",C,26,OKC,58,58,27.0,4.5,7.6,.591,0.0,0.1,.333,4.5,7.6,.593,.593,1.9,3.2,.590,3.4,6.0,9.4,2.4,0.9,1.1,1.5,1.9,10.9
Deandre Ayton,82,"$9,562,920",C,21,PHO,30,25,33.2,8.5,15.5,.548,0.0,0.1,.000,8.5,15.4,.552,.548,2.0,2.6,.769,4.1,7.9,12.0,1.9,0.7,1.7,2.4,3.2,19.0
Spencer Dinwiddie,82,"$10,605,600",SG,26,BRK,64,49,31.2,6.6,16.0,.415,1.9,6.3,.308,4.7,9.7,.485,.476,5.4,7.0,.778,0.5,3.0,3.5,6.8,0.6,0.3,2.7,2.8,20.6
Paul Millsap,82,"$30,350,000",PF,34,DEN,44,41,24.4,4.3,8.8,.486,1.1,2.5,.440,3.2,6.3,.504,.548,2.4,2.9,.833,2.0,3.9,5.9,1.6,0.9,0.6,1.4,2.9,12.0
Marcus Smart,82,"$12,553,571",SG,25,BOS,53,39,32.5,4.5,11.9,.380,2.4,6.9,.348,2.1,5.0,.424,.481,2.0,2.4,.835,0.8,3.1,3.8,4.8,1.6,0.5,1.7,2.7,13.5
Myles Turner,82,"$18,000,000",C,23,IND,55,55,29.6,4.2,9.4,.451,1.4,4.2,.336,2.8,5.2,.542,.525,2.0,2.6,.750,1.3,5.3,6.5,1.1,0.8,2.2,1.2,2.5,11.8
Serge Ibaka,81,"$23,271,604",C,30,TOR,50,27,27.5,6.5,12.5,.518,1.3,3.3,.398,5.1,9.1,.562,.571,1.8,2.4,.748,2.1,6.2,8.3,1.5,0.5,0.8,2.0,2.8,16.0
Zion Williamson,81,"$9,757,440",PF,19,NOP,19,19,29.7,9.1,15.4,.589,0.3,0.7,.462,8.7,14.7,.595,.599,5.2,8.0,.645,2.9,3.9,6.8,2.2,0.8,0.5,2.7,1.7,23.6
Rudy Gay,81,"$14,500,000",PF,33,SAS,60,5,21.5,3.7,8.4,.442,1.0,3.1,.314,2.7,5.3,.517,.500,1.7,1.9,.876,0.9,4.4,5.4,1.7,0.4,0.5,1.3,1.5,10.0
Aaron Gordon,81,"$19,863,636",PF,24,ORL,58,58,33.0,5.4,12.5,.433,1.2,3.9,.301,4.2,8.6,.492,.479,2.4,3.5,.675,1.8,5.8,7.6,3.7,0.9,0.6,1.6,2.0,14.4
Brandon Ingram,81,"$7,265,485",PF,22,NOP,56,56,34.3,8.4,18.0,.466,2.4,6.3,.387,5.9,11.6,.509,.534,5.1,5.9,.858,0.9,5.4,6.3,4.3,1.0,0.7,3.1,2.9,24.3
DeAndre Jordan,81,"$9,881,598",C,31,BRK,56,6,22.0,3.4,5.1,.666,0.0,0.0,,3.4,5.1,.666,.666,1.5,2.2,.680,2.5,7.5,10.0,1.9,0.3,0.9,1.3,2.0,8.3
Domantas Sabonis,81,"$3,529,554",C,23,IND,62,62,34.8,7.4,13.7,.540,0.3,1.1,.254,7.1,12.6,.565,.550,3.5,4.8,.723,3.0,9.4,12.4,5.0,0.8,0.5,2.7,3.1,18.5
Hassan Whiteside,81,"$27,093,018",C,30,POR,61,61,31.3,6.9,11.1,.618,0.1,0.1,.571,6.8,11.0,.619,.621,2.5,3.7,.680,4.0,10.2,14.2,1.2,0.4,3.1,1.9,2.9,16.3
Derrick Rose,80,"$7,317,074",PG,31,DET,50,15,26.0,7.4,15.1,.490,0.9,2.9,.306,6.5,12.1,.535,.520,2.4,2.8,.871,0.5,1.9,2.4,5.6,0.8,0.3,2.5,1.0,18.1
Robert Covington,80,"$11,301,219",PF,29,HOU,62,60,30.1,4.5,10.5,.432,2.4,6.8,.349,2.1,3.6,.589,.546,1.4,1.7,.796,0.9,5.5,6.4,1.2,1.5,1.3,1.5,3.2,12.8
Derrick Favors,80,"$17,650,000",C,28,NOP,45,43,24.2,4.2,6.8,.620,0.0,0.2,.143,4.2,6.6,.631,.621,0.8,1.4,.581,3.3,6.6,9.9,1.7,0.6,1.0,1.1,2.2,9.2
Gordon Hayward,80,"$32,700,690",SF,29,BOS,45,45,33.4,6.8,13.5,.502,1.6,4.2,.392,5.1,9.3,.553,.563,2.1,2.5,.847,1.0,5.5,6.5,4.1,0.8,0.4,1.8,1.8,17.3
Reggie Jackson,80,"$17,799,677",PG,29,LAC,23,11,24.2,4.7,11.2,.416,2.0,4.9,.398,2.7,6.3,.431,.504,1.5,1.9,.814,0.7,2.3,2.9,4.4,0.4,0.2,1.7,1.7,12.8
Enes Kanter,80,"$4,767,000",C,27,BOS,51,6,17.5,3.5,6.1,.566,0.0,0.1,.143,3.4,6.0,.576,.568,1.2,1.7,.708,2.8,5.0,7.7,1.0,0.4,0.7,1.0,1.7,8.2
Otto Porter,80,"$27,250,576",SF,26,CHI,14,9,23.6,4.4,10.0,.443,1.7,4.4,.387,2.7,5.6,.487,.529,1.4,1.9,.704,0.9,2.5,3.4,1.8,1.1,0.4,0.8,2.2,11.9
Josh Richardson,80,"$10,116,576",SG,26,PHI,48,46,30.7,5.1,12.0,.429,1.5,4.5,.327,3.7,7.5,.489,.490,2.1,2.7,.789,0.8,2.6,3.4,3.1,0.9,0.7,1.9,2.5,13.8
Ja Morant,79,"$8,730,240",PG,20,MEM,59,59,30.0,6.7,13.6,.491,0.9,2.4,.367,5.8,11.2,.517,.523,3.5,4.5,.770,0.7,2.8,3.5,6.9,0.9,0.3,3.2,1.5,17.6
Bam Adebayo,79,"$3,454,080",PF,22,MIA,65,65,34.4,6.3,11.1,.567,0.0,0.2,.077,6.3,10.9,.576,.568,3.6,5.3,.690,2.5,8.0,10.5,5.1,1.2,1.3,2.8,2.5,16.2
Jarrett Allen,79,"$2,376,840",C,21,BRK,64,58,25.7,4.2,6.5,.646,0.0,0.1,.000,4.2,6.4,.654,.646,2.3,3.7,.620,3.0,6.4,9.5,1.3,0.6,1.3,1.1,2.3,10.6
Lonzo Ball,79,"$8,719,320",PG,22,NOP,56,47,32.4,4.6,11.2,.412,2.5,6.5,.383,2.1,4.7,.453,.523,0.7,1.2,.567,1.1,5.1,6.2,7.0,1.4,0.5,3.1,2.0,12.4
Harrison Barnes,79,"$24,147,727",PF,27,SAC,64,64,34.9,5.1,11.1,.459,1.5,3.8,.383,3.6,7.3,.498,.524,3.1,3.8,.803,1.0,3.8,4.8,2.4,0.6,0.2,1.3,1.3,14.7
Patrick Beverley,79,"$12,345,680",PG,31,LAC,48,48,27.1,2.9,6.8,.428,1.6,4.1,.379,1.3,2.6,.504,.543,0.6,0.9,.659,1.2,4.2,5.4,3.7,1.1,0.5,1.3,3.1,7.9
Jaylen Brown,79,"$6,534,829",SF,23,BOS,50,50,34.0,7.6,15.4,.490,2.1,5.6,.381,5.4,9.8,.552,.559,3.2,4.3,.736,1.1,5.3,6.4,2.2,1.1,0.3,2.3,3.0,20.4
Willie Cauley-Stein,79,"$2,177,483",C,26,DAL,54,39,20.3,3.2,5.6,.579,0.0,0.0,.000,3.2,5.6,.581,.579,0.7,1.2,.606,1.6,4.3,5.8,1.3,0.9,1.1,0.7,2.2,7.2
Shai Gilgeous-Alexander,79,"$3,952,920",SG,21,OKC,63,63,35.1,7.0,14.8,.473,1.2,3.5,.351,5.8,11.3,.511,.514,4.0,5.0,.801,0.7,5.4,6.1,3.3,1.1,0.7,1.9,1.7,19.3
Gary Harris,79,"$17,839,286",SG,25,DEN,56,55,31.8,3.9,9.3,.420,1.3,3.8,.333,2.6,5.5,.479,.487,1.3,1.6,.815,0.5,2.4,2.9,2.1,1.4,0.3,1.1,2.1,10.4
Joe Ingles,79,"$11,454,546",SF,32,UTA,64,37,29.9,3.4,7.7,.441,1.9,4.8,.397,1.5,2.9,.516,.566,1.0,1.3,.774,0.4,3.6,4.0,5.2,0.9,0.1,1.9,2.1,9.8
Jeremy Lamb,79,"$10,500,000",SG,27,IND,46,42,28.1,4.7,10.4,.451,1.2,3.4,.335,3.5,7.0,.508,.506,2.0,2.4,.836,0.5,3.8,4.3,2.1,1.2,0.5,1.1,2.3,12.5
Brook Lopez,79,"$12,093,024",C,31,MIL,61,60,26.6,4.0,9.4,.427,1.4,4.7,.296,2.6,4.7,.557,.501,1.6,2.0,.810,0.7,3.8,4.5,1.6,0.7,2.4,1.0,2.4,11.0
JaVale McGee,79,"$4,000,000",C,32,LAL,61,61,16.8,3.0,4.6,.640,0.0,0.1,.500,2.9,4.5,.643,.645,0.8,1.2,.653,1.8,4.0,5.8,0.6,0.5,1.5,0.8,2.4,6.8
Mitchell Robinson,79,"$1,559,712",C,21,NYK,61,7,23.1,4.1,5.6,.742,0.0,0.0,,4.1,5.6,.742,.742,1.4,2.4,.568,3.0,4.0,7.0,0.6,0.9,2.0,0.6,3.2,9.7
Terrence Ross,79,"$12,500,000",SG,28,ORL,63,0,27.3,5.0,12.3,.407,2.6,7.2,.357,2.4,5.1,.477,.511,2.2,2.6,.845,0.2,3.0,3.2,1.2,1.1,0.3,1.0,1.5,14.8
Tristan Thompson,79,"$18,539,130",C,28,CLE,57,51,30.2,5.1,9.9,.512,0.2,0.4,.391,4.9,9.5,.518,.520,1.7,2.8,.615,4.0,6.2,10.1,2.1,0.6,0.9,1.8,2.2,12.0
Fred VanVleet,79,"$9,346,153",PG,25,TOR,48,48,35.8,6.0,14.6,.409,2.7,7.0,.388,3.3,7.6,.430,.503,2.9,3.5,.843,0.4,3.4,3.8,6.6,1.9,0.3,2.3,2.5,17.6
Andrew Wiggins,79,"$27,504,630",SF-SG,24,GSW,54,54,34.4,8.1,18.1,.447,2.1,6.2,.332,6.0,11.9,.506,.504,3.5,5.0,.709,1.2,3.9,5.1,3.7,0.8,1.0,2.4,2.4,21.8
Thaddeus Young,79,"$12,900,000",PF,31,CHI,64,16,24.9,4.2,9.4,.448,1.2,3.5,.356,3.0,5.9,.501,.513,0.7,1.1,.583,1.5,3.5,4.9,1.8,1.4,0.4,1.6,2.1,10.3
RJ Barrett,78,"$7,839,960",SG,19,NYK,56,55,30.4,5.2,13.0,.402,1.1,3.5,.320,4.1,9.5,.432,.445,2.8,4.5,.614,0.9,4.1,5.0,2.6,1.0,0.3,2.2,2.2,14.3
Ricky Rubio,78,"$16,200,000",PG,29,PHO,57,57,31.6,4.4,10.7,.412,1.2,3.3,.351,3.3,7.4,.440,.466,3.1,3.6,.853,0.7,3.9,4.6,8.9,1.5,0.2,2.7,2.5,13.1
Will Barton,78,"$12,776,786",SF,29,DEN,58,58,33.0,5.7,12.7,.450,1.9,5.0,.375,3.9,7.8,.498,.523,1.8,2.3,.767,1.3,5.0,6.3,3.7,1.1,0.5,1.5,2.1,15.1
Thomas Bryant,78,"$8,000,000",C,22,WAS,38,28,23.7,4.8,8.1,.599,0.6,1.4,.407,4.3,6.7,.640,.635,1.8,2.5,.737,2.0,4.9,6.8,1.9,0.4,0.9,1.3,2.2,12.1
Jordan Clarkson,78,"$13,437,500",SG,27,UTA,63,0,24.2,5.6,12.0,.465,2.1,5.6,.368,3.5,6.3,.550,.551,1.9,2.3,.841,0.7,1.9,2.7,2.0,0.7,0.2,1.3,1.5,15.1
Evan Fournier,78,"$17,150,000",SG,27,ORL,61,61,31.7,6.7,14.2,.470,2.7,6.7,.406,4.0,7.6,.525,.564,2.8,3.4,.820,0.3,2.3,2.6,3.2,1.1,0.2,2.0,2.4,18.8
Eric Gordon,78,"$14,057,730",SG,31,HOU,34,13,28.6,4.8,12.9,.370,2.7,8.5,.319,2.1,4.4,.467,.475,2.3,3.0,.757,0.2,1.7,1.9,1.5,0.6,0.4,1.1,2.0,14.5
JaMychal Green,78,"$4,767,000",PF,29,LAC,55,0,20.5,2.3,5.5,.414,1.3,3.7,.363,0.9,1.8,.520,.536,0.6,0.8,.727,1.4,5.0,6.3,0.8,0.5,0.4,0.8,2.7,6.5
Joe Harris,78,"$7,666,667",SF,28,BRK,63,63,30.9,5.3,11.2,.471,2.4,5.9,.412,2.9,5.3,.536,.579,1.0,1.3,.747,1.0,3.4,4.3,2.1,0.6,0.3,1.5,2.2,13.9
Andre Iguodala,78,"$17,185,185",SG,36,MIA,14,0,18.5,1.8,3.6,.490,0.6,1.7,.375,1.1,1.9,.593,.578,0.1,0.6,.250,0.7,3.1,3.8,2.0,0.6,1.1,1.2,2.0,4.4
Caris LeVert,78,"$2,625,717",SG,25,BRK,39,25,29.0,6.5,15.6,.414,1.8,4.8,.381,4.6,10.8,.429,.473,3.0,4.1,.720,1.0,3.1,4.1,4.1,1.1,0.2,2.5,1.8,17.7
Marcus Morris,78,"$15,000,000",SF-PF,30,LAC,55,55,31.4,5.9,13.6,.433,2.4,5.9,.410,3.5,7.7,.451,.522,3.1,3.8,.823,1.0,4.1,5.1,1.4,0.8,0.5,1.6,2.9,17.4
Dejounte Murray,78,"$2,321,735",PG,23,SAS,58,50,24.9,4.4,9.3,.475,0.6,1.6,.378,3.8,7.7,.494,.507,1.3,1.6,.798,1.2,4.6,5.8,4.1,1.7,0.3,1.9,2.2,10.7
Kelly Olynyk,78,"$12,667,885",C,28,MIA,59,6,18.5,2.6,5.4,.476,1.4,3.1,.432,1.2,2.2,.538,.603,1.2,1.4,.854,0.6,3.8,4.4,1.6,0.6,0.3,1.1,2.4,7.7
Jabari Parker,78,"$6,500,000",PF,24,SAC,33,23,25.8,6.0,12.1,.499,0.9,3.5,.267,5.1,8.6,.594,.538,1.7,2.2,.743,1.6,4.3,5.9,1.8,1.3,0.5,1.8,2.8,14.7
Bobby Portis,78,"$15,000,000",C,24,NYK,66,5,21.1,4.0,8.9,.450,1.0,2.8,.358,3.0,6.1,.493,.507,1.1,1.4,.763,1.2,3.9,5.1,1.5,0.5,0.3,1.1,1.7,10.1
Terry Rozier,78,"$19,894,737",PG,25,CHO,63,63,34.3,6.3,14.9,.423,2.7,6.7,.407,3.6,8.2,.436,.514,2.6,3.0,.874,0.8,3.6,4.4,4.1,1.0,0.2,2.2,2.0,18.0
Jeff Teague,78,"$19,000,000",PG,31,ATL,59,17,24.8,3.6,8.3,.436,0.7,2.0,.368,2.9,6.3,.457,.480,2.9,3.3,.873,0.5,1.9,2.4,5.2,0.7,0.3,2.0,1.8,10.9
Derrick White,78,"$1,948,080",SG,25,SAS,61,13,24.1,3.5,7.6,.459,0.9,2.6,.356,2.6,5.0,.513,.520,2.5,2.9,.857,0.5,2.7,3.2,3.4,0.6,0.9,1.2,2.2,10.4
Justise Winslow,78,"$13,000,000",SF,23,MIA,11,5,32.0,4.5,11.7,.388,0.5,2.5,.222,4.0,9.3,.431,.411,1.6,2.5,.667,1.5,5.2,6.6,4.0,0.6,0.5,2.2,3.5,11.3
Darius Garland,77,"$6,400,920",PG,20,CLE,59,59,30.9,4.7,11.8,.401,1.8,5.0,.355,3.0,6.8,.434,.476,1.1,1.2,.875,0.5,1.4,1.9,3.9,0.7,0.1,2.6,1.6,12.3
De'Andre Hunter,77,"$7,068,360",SF,22,ATL,63,62,32.0,4.4,10.8,.410,1.7,4.8,.355,2.7,6.0,.454,.489,1.7,2.3,.764,0.7,3.8,4.5,1.8,0.7,0.3,1.6,2.9,12.3
Al-Farouq Aminu,77,"$9,258,000",PF,29,ORL,18,2,21.1,1.4,4.8,.291,0.5,2.0,.250,0.9,2.8,.320,.343,1.1,1.6,.655,1.3,3.5,4.8,1.2,1.0,0.4,0.9,1.5,4.3
Mo Bamba,77,"$5,697,600",C,21,ORL,60,0,14.5,2.2,4.7,.468,0.6,1.7,.356,1.6,3.0,.534,.534,0.5,0.8,.674,1.6,3.4,5.0,0.7,0.4,1.4,0.7,1.9,5.5
Nicolas Batum,77,"$25,565,217",SF,31,CHO,22,3,23.0,1.3,3.7,.346,0.6,2.2,.286,0.6,1.5,.438,.432,0.4,0.5,.900,1.1,3.4,4.5,3.0,0.8,0.4,1.0,1.9,3.6
Malik Beasley,77,"$2,731,713",SG,23,MIN,55,14,22.0,4.1,9.7,.425,1.9,5.0,.388,2.2,4.7,.465,.525,1.0,1.2,.818,0.3,2.4,2.7,1.4,0.7,0.1,1.0,1.4,11.2
Nemanja Bjelica,77,"$6,825,000",PF,31,SAC,64,61,28.5,4.5,9.4,.475,2.0,4.6,.424,2.5,4.8,.524,.579,0.9,1.1,.822,1.7,4.8,6.4,2.8,0.8,0.5,1.4,3.0,11.9
DeMarre Carroll,77,"$7,339,258",SF,33,HOU,21,0,11.0,1.0,2.6,.389,0.3,1.3,.259,0.7,1.3,.519,.454,1.1,1.7,.667,0.5,1.7,2.2,0.9,0.2,0.2,0.8,1.3,3.5
Ed Davis,77,"$4,767,000",C,30,UTA,25,0,10.7,0.6,1.4,.412,0.0,0.0,,0.6,1.4,.412,.412,0.2,0.4,.455,1.2,2.6,3.8,0.3,0.4,0.4,0.5,2.2,1.3
Taj Gibson,77,"$9,000,000",C,34,NYK,62,56,16.5,2.7,4.6,.584,0.1,0.2,.286,2.6,4.4,.599,.591,0.7,0.9,.732,1.8,2.5,4.3,0.8,0.4,0.5,0.8,2.0,6.1
Jerami Grant,77,"$9,346,153",PF,25,DEN,64,22,26.2,4.1,8.7,.471,1.4,3.4,.400,2.7,5.3,.518,.550,2.0,2.7,.744,0.8,2.7,3.5,1.2,0.7,0.8,0.9,2.2,11.6
Danny Green,77,"$14,634,147",SG,32,LAL,61,61,25.1,2.9,7.0,.419,1.9,4.9,.378,1.1,2.1,.516,.552,0.5,0.7,.727,0.7,2.7,3.4,1.4,1.2,0.5,0.9,2.1,8.2
Alex Len,77,"$4,160,000",C,26,SAC,49,9,18.3,3.4,6.2,.556,0.3,1.1,.250,3.1,5.0,.626,.579,1.2,1.9,.637,1.9,4.1,6.0,1.0,0.4,0.9,1.0,2.3,8.3
Kevon Looney,77,"$4,464,286",C,23,GSW,20,4,13.1,1.5,4.0,.367,0.1,0.7,.071,1.4,3.3,.431,.373,0.5,0.6,.750,1.4,1.9,3.3,1.0,0.6,0.3,0.6,1.7,3.4
Monte Morris,77,"$1,588,231",PG,24,DEN,65,8,21.6,3.4,7.4,.459,0.8,2.2,.375,2.6,5.2,.494,.514,0.8,1.0,.823,0.3,1.4,1.7,3.5,0.8,0.2,0.7,1.0,8.4
Nerlens Noel,77,"$1,882,867",C,25,OKC,55,6,18.4,3.2,4.6,.685,0.0,0.1,.333,3.1,4.6,.689,.687,1.4,1.8,.765,1.5,3.4,4.9,1.0,1.0,1.5,1.0,2.6,7.7
Mason Plumlee,77,"$14,041,096",C,29,DEN,53,1,17.0,2.9,4.7,.617,0.0,0.1,.000,2.9,4.6,.627,.617,1.4,2.6,.536,1.7,3.6,5.3,2.4,0.5,0.6,1.4,2.4,7.2
Jakob Poeltl,77,"$3,754,885",C,24,SAS,58,10,16.6,2.3,3.8,.619,0.0,0.0,,2.3,3.8,.619,.619,0.6,1.3,.486,1.8,3.6,5.3,1.8,0.5,1.4,0.8,1.7,5.3
Dwight Powell,77,"$10,259,375",C,28,DAL,40,37,26.5,3.7,5.7,.638,0.3,1.0,.256,3.4,4.8,.716,.659,1.9,2.8,.667,1.9,3.8,5.7,1.5,0.9,0.6,0.9,2.6,9.4
Taurean Prince,77,"$3,481,985",SF,25,BRK,64,61,29.0,4.3,11.5,.376,2.3,6.7,.339,2.1,4.8,.429,.475,1.1,1.4,.798,0.8,5.2,6.0,1.8,0.9,0.4,2.0,2.5,12.1
Collin Sexton,77,"$4,764,960",SG,21,CLE,65,65,33.0,7.9,16.7,.472,1.5,3.9,.380,6.4,12.8,.501,.517,3.5,4.1,.846,0.9,2.2,3.1,3.0,1.0,0.1,2.4,2.2,20.8
Cody Zeller,77,"$14,471,910",C,27,CHO,58,39,23.1,4.3,8.3,.524,0.3,1.3,.240,4.0,7.0,.577,.543,2.1,3.1,.682,2.8,4.3,7.1,1.5,0.7,0.4,1.3,2.4,11.1
Ivica Zubac,77,"$6,481,482",C,22,LAC,64,62,18.1,3.2,5.3,.601,0.0,0.0,.000,3.2,5.2,.605,.601,1.7,2.2,.759,2.6,4.6,7.2,1.1,0.2,0.9,0.8,2.3,8.0
Jarrett Culver,77,"$5,813,640",SG,20,MIN,63,35,23.9,3.7,9.0,.404,1.0,3.5,.299,2.6,5.5,.471,.462,0.9,1.9,.462,1.1,2.3,3.4,1.7,0.9,0.6,1.3,2.0,9.2
Trevor Ariza,76,"$12,200,000",SF,34,POR,53,21,28.2,2.7,6.1,.438,1.5,3.9,.372,1.2,2.2,.556,.557,1.2,1.4,.838,0.6,4.0,4.6,1.7,1.3,0.3,1.1,2.1,8.0
Avery Bradley,76,"$6,767,000",SG,29,LAL,49,44,24.2,3.5,7.8,.444,1.3,3.5,.364,2.2,4.3,.510,.526,0.4,0.5,.833,0.4,2.0,2.3,1.3,0.9,0.1,1.0,2.2,8.6
Miles Bridges,76,"$3,755,400",SF,21,CHO,65,64,30.7,4.9,11.6,.424,1.5,4.6,.330,3.4,7.0,.486,.489,1.6,2.0,.809,1.4,4.2,5.6,1.8,0.6,0.7,1.5,2.0,13.0
Jalen Brunson,76,"$1,416,852",PG,23,DAL,57,16,17.9,3.2,6.8,.466,0.8,2.1,.358,2.4,4.7,.515,.522,1.1,1.3,.813,0.4,2.0,2.4,3.3,0.4,0.1,1.2,1.3,8.2
Kentavious Caldwell-Pope,76,"$8,089,282",SG,26,LAL,63,20,25.4,3.5,7.4,.472,1.4,3.5,.394,2.1,3.9,.543,.565,1.2,1.5,.779,0.6,1.5,2.1,1.7,0.8,0.2,0.9,1.9,9.5
Jae Crowder,76,"$7,815,533",SF,29,MIA,58,46,29.2,3.4,8.8,.384,1.9,6.1,.318,1.4,2.7,.532,.494,1.6,2.1,.785,0.8,5.3,6.1,2.6,1.2,0.4,1.1,2.2,10.4
Dewayne Dedmon,76,"$13,333,334",C,30,ATL,44,18,17.6,2.3,5.8,.400,0.5,2.4,.206,1.8,3.4,.541,.443,0.7,0.8,.833,1.4,4.3,5.7,0.5,0.6,0.9,1.3,3.0,5.8
Gorgui Dieng,76,"$16,229,213",C,30,MEM,58,17,17.4,2.7,5.9,.461,0.9,2.4,.359,1.8,3.5,.532,.535,1.1,1.4,.735,1.5,4.3,5.8,1.2,0.8,1.0,0.9,1.9,7.4
Jeff Green,76,"$3,405,180",PF,33,HOU,40,2,18.9,2.9,6.5,.444,1.2,3.5,.348,1.7,3.1,.553,.536,1.4,1.8,.781,0.6,2.3,2.8,0.8,0.5,0.4,0.9,1.6,8.4
Rodney Hood,76,"$5,718,000",SF,27,POR,21,21,29.5,4.1,8.2,.506,1.7,3.4,.493,2.5,4.8,.515,.608,1.0,1.3,.778,0.5,3.0,3.4,1.5,0.8,0.2,0.9,2.2,11.0
Kevin Huerter,76,"$2,636,280",SG,21,ATL,56,48,31.4,4.5,10.9,.413,2.3,6.0,.380,2.2,4.9,.453,.517,0.9,1.1,.828,0.6,3.4,4.1,3.8,0.9,0.5,1.6,2.5,12.2
Jonathan Isaac,76,"$5,806,440",SF,22,ORL,32,32,29.7,4.7,10.1,.463,0.9,2.8,.330,3.7,7.2,.515,.509,1.8,2.3,.767,1.8,5.2,6.9,1.4,1.6,2.4,1.5,2.5,12.0
Josh Jackson,76,"$7,059,480",SG,22,MEM,18,0,19.8,3.8,8.6,.439,1.3,4.0,.319,2.5,4.6,.542,.513,1.6,2.4,.659,0.6,2.6,3.2,1.7,1.0,0.5,1.4,2.2,10.4
Frank Kaminsky,76,"$4,767,000",C,26,PHO,32,13,22.4,4.0,8.7,.455,1.2,3.5,.348,2.8,5.2,.527,.525,1.8,2.8,.670,0.9,4.0,4.9,2.2,0.4,0.3,1.0,2.2,11.0
Michael Kidd-Gilchrist,76,"$12,784,359",PF-SF,26,DAL,21,0,11.0,0.9,2.9,.317,0.2,1.0,.250,0.7,1.9,.350,.358,0.4,0.5,.818,0.6,2.0,2.6,0.6,0.1,0.2,0.6,1.5,2.5
Kevin Knox,76,"$4,380,120",SF,20,NYK,65,4,17.9,2.2,6.2,.359,1.0,3.1,.327,1.2,3.1,.391,.440,1.0,1.6,.653,0.4,2.4,2.8,0.9,0.4,0.4,0.7,1.6,6.4
Meyers Leonard,76,"$11,286,515",C,27,MIA,49,49,20.1,2.4,4.6,.520,1.0,2.4,.429,1.3,2.1,.625,.635,0.3,0.5,.654,0.6,4.5,5.1,1.1,0.3,0.3,0.7,2.1,6.1
Wesley Matthews,76,"$2,564,753",SG,33,MIL,62,62,24.7,2.6,6.5,.397,1.6,4.5,.365,0.9,2.0,.468,.522,0.8,1.0,.762,0.3,2.2,2.6,1.5,0.6,0.1,0.7,1.5,7.5
Emmanuel Mudiay,76,"$1,737,145",PG,23,UTA,48,1,15.7,2.8,6.0,.471,0.6,1.6,.355,2.3,4.4,.512,.517,1.1,1.4,.754,0.4,2.0,2.4,2.2,0.4,0.2,1.4,1.3,7.3
Jahlil Okafor,76,"$1,702,486",C,24,NOP,28,9,15.1,3.1,5.1,.611,0.0,0.1,.500,3.1,5.1,.613,.615,1.3,2.1,.638,1.6,2.6,4.3,1.3,0.3,0.7,1.3,2.3,7.6
Elfrid Payton,76,"$8,000,000",PG,25,NYK,45,36,27.7,4.3,9.8,.439,0.3,1.5,.203,4.0,8.2,.482,.455,1.1,1.9,.570,1.2,3.6,4.7,7.2,1.6,0.4,2.1,2.0,10.0
Austin Rivers,76,"$2,174,310",SG,27,HOU,60,4,23.4,3.0,7.2,.421,1.4,3.9,.358,1.7,3.3,.495,.517,1.0,1.5,.667,0.4,2.0,2.4,1.6,0.7,0.2,0.6,1.9,8.5
Rajon Rondo,76,"$2,564,753",PG,33,LAL,48,3,20.5,2.9,6.8,.418,0.9,2.6,.328,2.0,4.2,.473,.480,0.6,0.9,.659,0.5,2.5,3.0,5.0,0.8,0.0,1.9,1.2,7.1
Landry Shamet,76,"$1,995,120",SG,22,LAC,47,27,27.5,3.1,7.5,.416,2.2,5.7,.392,0.9,1.8,.494,.566,1.2,1.3,.905,0.1,1.8,1.9,1.9,0.4,0.2,0.8,2.8,9.7
Daniel Theis,76,"$5,000,000",C,27,BOS,58,57,23.8,3.7,6.6,.565,0.4,1.4,.321,3.3,5.2,.631,.599,1.4,1.8,.764,2.2,4.3,6.6,1.6,0.6,1.3,0.8,3.5,9.3
Isaiah Thomas,76,"$2,320,044",PG,30,WAS,40,37,23.1,4.4,10.7,.408,2.0,4.7,.413,2.4,5.9,.405,.500,1.6,1.9,.816,0.3,1.4,1.7,3.7,0.3,0.2,1.9,1.9,12.2
Dion Waiters,76,"$12,603,656",SG,28,MIA,3,0,14.0,3.3,8.7,.385,2.7,5.7,.471,0.7,3.0,.222,.538,0.0,0.3,.000,0.0,3.7,3.7,1.0,0.0,0.7,1.0,1.7,9.3
Marvin Williams,76,"$14,654,179",PF,33,MIL,52,1,19.4,2.1,4.8,.442,1.0,2.8,.361,1.1,2.0,.552,.546,0.9,1.0,.870,0.4,2.5,2.8,1.1,0.7,0.5,0.5,1.8,6.1
Delon Wright,76,"$9,473,684",SG,27,DAL,65,5,21.7,2.8,5.9,.470,0.7,1.8,.385,2.1,4.1,.508,.529,1.1,1.4,.789,1.0,3.0,4.0,3.4,1.2,0.3,1.0,1.3,7.3
Coby White,76,"$5,307,120",SG,19,CHI,65,1,25.8,4.8,12.2,.394,2.0,5.8,.354,2.8,6.4,.430,.478,1.6,2.0,.791,0.4,3.1,3.5,2.7,0.8,0.1,1.7,1.8,13.2
Aron Baynes,75,"$5,453,280",C,33,PHO,42,28,22.2,4.4,9.1,.480,1.4,4.0,.351,3.0,5.1,.582,.558,1.3,1.8,.747,1.7,4.0,5.6,1.6,0.2,0.5,1.2,3.4,11.5
Kent Bazemore,75,"$19,269,663",SF-SG,30,SAC,64,21,25.1,2.9,7.7,.374,1.2,3.6,.342,1.7,4.2,.401,.453,1.7,2.2,.768,0.4,4.0,4.3,1.3,1.1,0.6,1.3,2.8,8.7
Marco Belinelli,75,"$5,846,154",SG,33,SAS,52,0,15.0,2.0,5.2,.391,1.1,3.0,.368,0.9,2.2,.422,.496,0.6,0.8,.780,0.1,1.7,1.7,1.2,0.2,0.0,0.3,0.8,5.8
Bismack Biyombo,75,"$17,000,000",C,27,CHO,53,29,19.4,2.8,5.2,.543,0.0,0.0,,2.8,5.2,.543,.543,1.7,2.8,.603,2.3,3.5,5.8,0.9,0.2,0.9,0.9,2.2,7.4
Mikal Bridges,75,"$4,161,000",SF,23,PHO,65,24,27.3,3.2,6.3,.516,0.9,2.4,.352,2.4,3.8,.621,.585,1.4,1.6,.848,0.9,3.1,4.0,1.8,1.4,0.6,1.0,2.2,8.7
Wilson Chandler,75,"$2,564,753",SF,32,BRK,35,3,21.0,2.1,5.2,.404,1.1,3.5,.306,1.1,1.8,.597,.505,0.6,0.7,.870,0.3,3.8,4.1,1.1,0.5,0.3,1.0,2.3,5.9
Damyean Dotson,75,"$1,618,520",SG,25,NYK,48,0,17.4,2.5,6.0,.414,1.2,3.4,.362,1.3,2.6,.480,.516,0.5,0.7,.667,0.2,1.7,1.9,1.2,0.5,0.1,0.4,0.9,6.7
Kris Dunn,75,"$5,348,007",PG,25,CHI,51,32,24.9,3.0,6.7,.444,0.6,2.2,.259,2.4,4.5,.535,.487,0.8,1.1,.741,0.5,3.2,3.6,3.4,2.0,0.3,1.3,3.1,7.3
Wayne Ellington,75,"$8,000,000",SG,32,NYK,36,1,15.5,1.7,4.8,.351,1.4,4.0,.350,0.3,0.9,.355,.494,0.3,0.4,.846,0.1,1.7,1.8,1.2,0.4,0.1,0.5,1.1,5.1
Bryn Forbes,75,"$2,875,000",SG,26,SAS,63,62,25.1,3.8,9.2,.417,2.3,6.0,.388,1.5,3.2,.470,.544,1.2,1.4,.833,0.2,1.8,2.0,1.7,0.5,0.0,0.9,1.8,11.2
Josh Hart,75,"$1,934,160",SF,24,NOP,57,14,27.4,3.5,8.4,.416,1.9,5.7,.342,1.6,2.7,.571,.531,1.2,1.6,.747,0.9,5.5,6.5,1.6,1.0,0.4,1.1,2.5,10.2
John Henson,75,"$9,732,396",PF,29,DET,40,8,15.0,2.4,4.3,.556,0.2,0.9,.222,2.2,3.4,.644,.579,0.6,1.2,.500,1.2,2.9,4.1,1.4,0.6,1.1,0.9,2.0,5.5
Mario Hezonja,75,"$1,737,145",PF,24,POR,47,4,16.3,1.7,4.0,.429,0.4,1.4,.328,1.3,2.7,.480,.484,0.9,1.1,.824,0.6,2.9,3.4,0.9,0.6,0.2,0.8,2.0,4.8
George Hill,75,"$10,133,907",PG,33,MIL,52,0,21.2,3.4,6.5,.530,1.4,2.9,.480,2.0,3.5,.571,.638,1.3,1.6,.831,0.9,2.1,3.0,2.9,0.8,0.1,0.9,1.4,9.6
Rondae Hollis-Jefferson,75,"$2,500,000",SF,25,TOR,52,5,19.2,2.7,5.7,.471,0.0,0.3,.118,2.6,5.3,.493,.475,1.8,2.5,.736,2.0,2.9,4.9,1.7,0.8,0.4,0.9,2.0,7.2
Richaun Holmes,75,"$4,767,000",C,26,SAC,39,33,28.8,5.4,8.2,.654,0.0,0.0,,5.4,8.2,.654,.654,2.1,2.6,.800,3.0,5.3,8.3,1.0,1.0,1.4,1.3,3.9,12.8
James Johnson,75,"$15,349,400",PF,32,MIN,32,1,19.3,3.2,6.7,.479,1.0,2.8,.363,2.2,3.9,.565,.556,1.0,1.5,.646,0.8,2.9,3.7,2.3,0.8,1.0,1.5,2.5,8.4
Luke Kennard,75,"$3,827,160",SG,23,DET,28,25,32.9,5.4,12.2,.442,2.6,6.5,.399,2.8,5.7,.491,.548,2.4,2.7,.893,0.3,3.2,3.5,4.1,0.4,0.2,1.5,2.3,15.8
Kyle Korver,75,"$6,004,753",SF,38,MIL,50,0,16.7,2.2,5.2,.429,1.7,4.1,.415,0.5,1.0,.481,.595,0.6,0.7,.824,0.3,1.8,2.1,1.2,0.4,0.2,0.8,1.4,6.7
Rodions Kurucs,75,"$1,699,236",PF,21,BRK,39,4,12.8,1.5,3.4,.448,0.6,1.7,.385,0.9,1.8,.507,.541,0.4,0.7,.607,0.5,2.0,2.5,0.8,0.4,0.1,0.9,1.7,4.2
Jake Layman,75,"$3,581,986",PF,25,MIN,23,2,22.0,3.5,7.8,.453,1.0,3.1,.333,2.5,4.7,.533,.520,1.0,1.4,.750,0.7,1.7,2.5,0.7,0.7,0.4,1.0,2.0,9.1
Robin Lopez,75,"$4,767,000",C,31,MIL,60,4,14.4,2.3,4.6,.502,0.6,1.6,.344,1.7,3.0,.588,.562,0.4,0.7,.535,0.9,1.6,2.4,0.7,0.2,0.7,0.9,1.3,5.5
Trey Lyles,75,"$5,500,000",PF,24,SAS,63,53,20.2,2.4,5.4,.446,1.0,2.7,.387,1.4,2.8,.503,.541,0.5,0.7,.733,1.1,4.6,5.7,1.1,0.4,0.4,0.6,1.6,6.4
Malik Monk,75,"$4,028,400",SG,21,CHO,55,1,21.3,3.9,8.9,.434,1.1,3.7,.284,2.8,5.2,.542,.494,1.5,1.8,.820,0.5,2.4,2.9,2.1,0.5,0.3,1.4,1.3,10.3
Markieff Morris,75,"$3,709,887",PF,30,LAL,52,16,21.3,3.6,8.2,.445,1.6,4.0,.386,2.1,4.1,.502,.540,1.3,1.6,.783,0.7,3.2,3.8,1.4,0.5,0.3,1.4,2.3,10.1
Shabazz Napier,75,"$1,845,301",PG,28,WAS,51,30,24.2,3.3,8.1,.412,1.4,4.4,.320,1.9,3.7,.518,.498,2.3,2.8,.823,0.5,2.4,2.9,5.0,1.3,0.2,2.2,1.8,10.3
Cedi Osman,75,"$2,907,143",SF,24,CLE,65,65,29.4,4.1,9.4,.437,1.9,4.9,.383,2.2,4.4,.497,.538,1.0,1.4,.670,0.6,3.0,3.6,2.4,0.8,0.2,1.4,2.5,11.0
Mike Scott,75,"$4,767,000",PF,31,PHI,63,10,17.8,2.1,5.1,.408,1.2,3.2,.358,0.9,1.8,.496,.522,0.4,0.5,.833,0.9,2.7,3.6,0.8,0.3,0.1,0.4,1.3,5.7
Noah Vonleh,75,"$2,000,000",C-PF,24,DEN,33,1,11.0,1.5,2.7,.562,0.1,0.5,.200,1.4,2.2,.635,.579,0.7,0.9,.800,1.1,2.6,3.7,0.8,0.3,0.2,0.6,1.2,3.8
Allonzo Trier,75,"$3,551,100",PG,24,NYK,24,1,12.1,2.1,4.4,.481,0.8,2.2,.358,1.3,2.2,.604,.571,1.4,1.8,.791,0.3,1.0,1.2,1.2,0.1,0.2,0.9,1.2,6.5
Kyle Anderson,74,"$9,073,050",PF,26,MEM,59,20,19.3,2.3,4.7,.493,0.3,1.1,.258,2.1,3.7,.560,.521,0.7,1.1,.652,0.9,3.4,4.4,2.2,0.8,0.5,0.9,1.4,5.7
Jordan Bell,74,"$1,620,564",C-PF,25,MEM,29,0,8.8,1.2,2.3,.522,0.1,0.4,.333,1.1,1.9,.564,.552,0.7,1.1,.613,1.0,1.8,2.8,0.6,0.1,0.3,0.7,0.7,3.2
Khem Birch,74,"$3,000,000",C,27,ORL,40,24,19.4,1.4,2.9,.487,0.0,0.0,.000,1.4,2.9,.491,.487,1.0,1.7,.612,1.8,2.8,4.5,0.9,0.4,0.5,0.6,1.8,3.8
Dillon Brooks,74,"$1,618,520",SG,24,MEM,65,65,28.5,5.7,14.2,.402,2.0,5.5,.369,3.7,8.7,.423,.474,2.2,2.7,.809,0.9,2.3,3.3,2.0,0.9,0.4,1.7,3.8,15.7
Reggie Bullock,74,"$4,000,000",SG,28,NYK,29,19,23.6,3.1,7.7,.402,1.3,3.8,.333,1.8,3.9,.469,.484,0.6,0.7,.810,0.4,1.9,2.3,1.4,0.9,0.1,0.7,1.9,8.1
Zach Collins,74,"$4,240,200",PF,22,POR,3,3,28.7,3.0,6.3,.474,1.0,2.3,.429,2.0,4.0,.500,.553,2.0,2.0,1.000,1.3,2.7,4.0,2.0,0.0,0.7,2.0,3.7,9.0
Pat Connaughton,74,"$1,723,050",SG,27,MIL,61,1,18.3,2.0,4.3,.456,0.7,2.2,.321,1.2,2.0,.605,.540,0.4,0.6,.750,0.9,3.3,4.2,1.6,0.3,0.5,0.8,1.0,5.1
Quinn Cook,74,"$3,000,000",PG,26,LAL,38,0,10.8,2.0,4.6,.439,0.7,1.7,.379,1.3,2.8,.477,.512,0.2,0.2,.667,0.2,0.9,1.1,1.1,0.3,0.0,0.7,0.6,4.8
Torrey Craig,74,"$2,000,000",SF,29,DEN,50,19,17.4,1.9,4.2,.462,0.7,2.2,.330,1.2,2.0,.606,.548,0.4,0.6,.645,1.0,2.2,3.1,0.7,0.4,0.6,0.4,2.2,5.0
Seth Curry,74,"$7,461,380",SG,29,DAL,59,20,24.5,4.5,9.0,.500,2.3,5.1,.453,2.2,3.9,.560,.628,1.3,1.5,.841,0.4,1.9,2.4,2.0,0.6,0.1,1.0,1.7,12.6
Cheick Diallo,74,"$1,678,854",C,23,PHO,44,2,10.6,2.0,3.1,.650,0.0,0.0,.500,2.0,3.1,.652,.653,0.7,0.8,.865,0.6,2.3,2.9,0.5,0.2,0.3,0.7,1.2,4.8
Yogi Ferrell,74,"$3,150,000",PG,26,SAC,44,0,11.0,1.5,3.8,.396,0.4,1.6,.275,1.1,2.3,.480,.453,0.7,0.8,.865,0.1,1.0,1.1,1.3,0.3,0.1,0.6,0.7,4.2
Markelle Fultz,74,"$9,745,200",PG,21,ORL,64,59,28.3,5.0,10.6,.473,0.5,1.8,.254,4.5,8.7,.520,.496,1.6,2.2,.723,0.5,2.8,3.3,5.2,1.3,0.2,2.0,2.0,12.1
Harry Giles,74,"$2,578,800",PF,21,SAC,38,17,15.2,3.1,5.4,.560,0.0,0.0,,3.1,5.4,.560,.560,0.9,1.1,.767,0.9,3.3,4.2,1.3,0.6,0.4,0.9,2.6,7.0
Justin Jackson,74,"$3,280,920",PF,24,DAL,58,2,16.0,2.1,5.4,.399,0.8,2.6,.298,1.4,2.8,.494,.471,0.6,0.8,.818,0.5,2.0,2.4,0.8,0.2,0.2,0.2,1.0,5.7
Tyler Johnson,74,"$19,245,370",SG,27,PHO,31,3,16.6,2.1,5.5,.380,0.8,2.7,.289,1.3,2.8,.466,.450,0.8,1.0,.750,0.3,1.4,1.7,1.6,0.4,0.3,0.8,1.4,5.7
Cory Joseph,74,"$12,000,000",PG,28,SAC,64,22,24.0,2.4,5.8,.420,0.7,2.1,.351,1.7,3.7,.460,.484,0.8,0.9,.828,0.6,2.0,2.5,3.4,0.7,0.3,1.0,1.9,6.3
Maxi Kleber,74,"$8,000,000",C,28,DAL,66,21,25.7,3.2,7.1,.459,1.6,4.3,.374,1.6,2.7,.594,.574,1.0,1.2,.863,1.5,3.9,5.4,1.2,0.3,1.2,0.7,2.3,9.2
Doug McDermott,74,"$7,333,333",PF,28,IND,62,0,20.0,3.9,7.9,.491,1.9,4.3,.445,2.0,3.6,.544,.611,0.7,0.8,.827,0.4,2.1,2.5,1.1,0.1,0.1,0.6,1.7,10.4
E'Twaun Moore,74,"$8,664,928",SG,30,NOP,51,5,18.8,3.4,8.0,.424,1.2,3.1,.375,2.2,4.9,.456,.498,0.6,0.8,.674,0.6,1.8,2.4,1.4,0.5,0.2,0.7,1.5,8.6
Kyle O'Quinn,74,"$2,174,318",C,29,PHI,26,1,9.9,1.3,2.8,.486,0.3,0.9,.304,1.1,1.9,.571,.535,0.4,0.7,.526,1.2,2.5,3.8,1.3,0.2,0.8,0.7,1.3,3.3
Chandler Parsons,74,"$25,102,512",SF,31,ATL,5,0,10.8,1.0,3.6,.278,0.8,2.8,.286,0.2,0.8,.250,.389,0.0,0.0,,0.2,1.2,1.4,0.6,0.8,0.2,0.6,0.6,2.8
Norman Powell,74,"$10,116,576",SG,26,TOR,44,23,28.8,5.9,11.7,.502,2.1,5.4,.398,3.8,6.4,.589,.593,2.5,3.0,.838,0.5,3.1,3.7,1.8,1.3,0.4,1.5,2.1,16.4
Glenn Robinson III,74,"$1,882,867",SF,26,PHI,60,52,29.1,4.7,9.6,.486,1.2,3.2,.387,3.5,6.5,.535,.550,1.2,1.4,.867,1.3,3.0,4.3,1.6,0.9,0.3,0.9,1.6,11.8
Denzel Valentine,74,"$3,377,568",SF,26,CHI,36,5,13.6,2.7,6.6,.409,1.3,3.8,.336,1.4,2.8,.510,.506,0.2,0.2,.750,0.3,1.8,2.1,1.2,0.7,0.2,0.7,1.4,6.8
Robert Williams,74,"$1,937,520",C,22,BOS,23,1,14.0,1.8,2.7,.677,0.0,0.0,,1.8,2.7,.677,.677,0.6,1.1,.560,1.5,3.2,4.7,1.0,0.9,1.2,0.9,1.7,4.3
Christian Wood,74,"$1,645,357",PF,24,DET,62,12,21.4,4.6,8.2,.567,0.9,2.3,.386,3.8,5.9,.636,.620,2.9,3.9,.744,1.7,4.6,6.3,1.0,0.5,0.9,1.4,1.6,13.1
Jaxson Hayes,74,"$4,862,040",C,19,NOP,56,12,17.0,2.8,4.2,.660,0.0,0.1,.250,2.8,4.1,.667,.662,1.9,3.1,.630,1.5,2.5,4.0,0.9,0.4,0.9,0.7,2.5,7.5
Rui Hachimura,74,"$4,469,160",PF,21,WAS,41,41,29.7,5.3,11.1,.478,0.5,1.8,.274,4.8,9.3,.517,.500,2.2,2.7,.829,1.5,4.5,6.0,1.7,0.8,0.2,1.0,2.2,13.4
OG Anunoby,73,"$2,281,800",SF,22,TOR,63,62,30.1,4.2,8.4,.507,1.3,3.4,.381,2.9,5.0,.593,.584,0.9,1.4,.686,1.2,4.2,5.4,1.6,1.4,0.7,1.2,2.5,10.7
Dwayne Bacon,73,"$1,618,520",SG,24,CHO,39,11,17.6,2.2,6.3,.348,0.5,1.7,.284,1.7,4.5,.373,.387,0.9,1.4,.660,0.4,2.2,2.6,1.3,0.6,0.1,0.9,1.3,5.7
Jonah Bolden,73,"$1,788,296",PF,24,PHO,7,0,6.7,0.6,1.6,.364,0.0,0.6,.000,0.6,1.0,.571,.364,0.3,0.6,.500,0.4,0.9,1.3,0.0,0.4,0.3,0.3,1.4,1.4
Sterling Brown,73,"$1,618,520",SF,24,MIL,45,1,14.8,1.8,4.8,.367,0.8,2.5,.316,1.0,2.3,.423,.450,0.6,0.8,.771,0.6,3.0,3.7,1.0,0.5,0.2,0.8,1.0,5.0
Bruce Brown,73,"$1,416,852",SG,23,DET,58,43,28.2,3.4,7.7,.443,0.6,1.7,.344,2.8,6.1,.470,.480,1.5,2.1,.739,1.1,3.7,4.7,4.0,1.1,0.5,1.7,2.8,8.9
Alec Burks,73,"$2,320,044",SG,28,PHI,59,18,27.3,4.8,11.9,.404,1.7,4.6,.366,3.1,7.3,.428,.475,3.8,4.3,.896,0.7,3.7,4.4,2.9,1.0,0.3,1.4,2.0,15.1
Alex Caruso,73,"$2,750,000",PG,25,LAL,58,1,17.8,1.9,4.5,.423,0.7,1.8,.355,1.2,2.6,.471,.496,1.0,1.3,.763,0.2,1.7,1.9,1.8,1.0,0.3,0.8,1.5,5.4
Tyson Chandler,73,"$2,564,753",C,37,HOU,26,5,8.4,0.5,0.7,.778,0.0,0.0,,0.5,0.7,.778,.778,0.2,0.5,.462,1.0,1.6,2.5,0.2,0.2,0.3,0.3,1.2,1.3
Allen Crabbe,73,"$17,818,456",SG,27,MIN,37,1,17.6,1.7,4.8,.356,1.0,3.2,.303,0.7,1.6,.466,.458,0.3,0.4,.714,0.3,1.8,2.1,0.9,0.4,0.1,0.5,1.3,4.6
Matthew Dellavedova,73,"$9,607,500",PG,29,CLE,57,4,14.4,1.1,3.1,.354,0.4,1.6,.231,0.7,1.5,.488,.414,0.6,0.6,.865,0.3,1.0,1.3,3.2,0.4,0.0,1.0,1.4,3.1
James Ennis,73,"$1,882,867",SF,29,ORL,61,10,17.3,2.1,4.8,.435,0.8,2.3,.338,1.3,2.5,.523,.515,1.0,1.3,.808,1.0,2.3,3.3,0.9,0.5,0.3,0.7,1.8,6.0
Dorian Finney-Smith,73,"$4,000,000",PF,26,DAL,64,61,29.7,3.3,7.1,.468,1.5,4.1,.374,1.8,3.0,.599,.577,1.1,1.5,.722,2.0,3.5,5.5,1.5,0.7,0.6,1.0,2.4,9.3
Shaquille Harrison,73,"$1,620,564",SF,26,CHI,43,10,11.3,1.8,3.8,.467,0.4,1.0,.381,1.4,2.9,.496,.515,0.9,1.2,.780,0.5,1.5,2.0,1.1,0.8,0.4,0.4,1.3,4.9
Aaron Holiday,73,"$2,239,200",PG,23,IND,58,26,23.6,3.5,8.6,.407,1.4,3.5,.394,2.1,5.1,.416,.488,1.1,1.2,.861,0.4,1.9,2.3,3.3,0.8,0.2,1.3,1.8,9.4
Danuel House,73,"$3,540,000",SF,26,HOU,58,47,30.0,3.6,8.3,.427,1.9,5.4,.363,1.6,2.9,.544,.545,1.2,1.5,.800,1.0,3.3,4.2,1.3,1.1,0.6,0.8,2.1,10.2
Stanley Johnson,73,"$3,623,000",PF,23,TOR,20,0,4.8,0.4,1.6,.258,0.1,0.7,.154,0.3,0.9,.333,.290,0.3,0.3,.833,0.2,1.0,1.1,0.4,0.2,0.1,0.4,0.5,1.2
Tyus Jones,73,"$9,258,000",PG,23,MEM,65,6,19.0,3.0,6.6,.459,0.7,1.9,.379,2.3,4.7,.492,.514,0.7,0.9,.741,0.1,1.4,1.6,4.4,0.9,0.1,0.8,0.7,7.4
Furkan Korkmaz,73,"$1,620,564",SG,22,PHI,64,12,21.8,3.5,8.0,.432,2.0,5.0,.397,1.5,3.1,.487,.554,0.8,1.1,.736,0.3,2.1,2.3,1.1,0.6,0.2,0.8,1.4,9.7
Ian Mahinmi,73,"$15,450,051",C,33,WAS,38,35,21.3,2.7,5.5,.495,0.1,0.7,.192,2.6,4.8,.538,.507,1.8,3.0,.619,2.1,3.7,5.7,1.3,0.8,1.2,1.2,3.0,7.4
Mike Muscala,73,"$2,028,594",C,28,OKC,41,0,12.0,1.6,3.9,.403,1.0,2.9,.358,0.5,1.0,.538,.538,0.4,0.5,.818,0.3,2.0,2.3,0.8,0.2,0.3,0.3,1.2,4.6
Frank Ntilikina,73,"$4,855,800",PG,21,NYK,57,26,20.8,2.3,5.8,.393,0.8,2.4,.321,1.5,3.4,.444,.459,0.9,1.0,.864,0.4,1.7,2.1,3.0,0.9,0.3,1.2,2.5,6.3
David Nwaba,73,"$1,678,854",SF,27,BRK,20,0,13.4,1.9,3.6,.521,0.6,1.4,.429,1.3,2.2,.581,.606,0.9,1.4,.667,0.4,1.9,2.3,0.4,0.6,0.6,0.4,1.6,5.2
Royce O'Neale,73,"$1,618,520",PF,26,UTA,64,55,29.1,2.2,5.0,.439,1.3,3.3,.389,0.9,1.7,.536,.567,0.6,0.8,.735,0.3,5.0,5.3,2.5,0.7,0.4,0.8,2.8,6.3
Semi Ojeleye,73,"$1,618,520",PF,25,BOS,61,5,14.6,1.1,2.6,.409,0.6,1.6,.367,0.5,1.0,.475,.522,0.4,0.5,.893,0.4,1.6,2.0,0.5,0.3,0.1,0.2,1.0,3.1
Josh Okogie,73,"$2,530,680",SG,21,MIN,62,28,25.0,2.7,6.4,.427,0.7,2.5,.266,2.1,3.9,.529,.479,2.5,3.1,.796,1.4,2.9,4.3,1.6,1.1,0.4,1.4,2.2,8.6
Tony Snell,73,"$11,392,857",SF,28,DET,59,57,27.8,2.9,6.5,.445,1.7,4.3,.402,1.2,2.2,.531,.579,0.5,0.5,1.000,0.2,1.7,1.9,2.2,0.5,0.3,0.5,1.7,8.0
Omari Spellman,73,"$1,897,800",PF,22,GSW,49,3,18.1,2.6,6.0,.431,0.9,2.2,.391,1.7,3.8,.454,.503,1.5,1.9,.793,1.6,2.9,4.5,1.0,0.7,0.5,1.1,1.3,7.6
Garrett Temple,73,"$4,767,000",SG,33,BRK,55,31,28.1,3.6,9.5,.378,2.0,6.3,.324,1.6,3.2,.483,.485,1.0,1.3,.767,0.5,2.9,3.5,2.6,0.8,0.5,1.0,1.7,10.3
Evan Turner,73,"$18,606,556",PG,31,ATL,19,0,13.2,1.3,3.5,.373,0.0,0.3,.000,1.3,3.3,.403,.373,0.6,0.7,.857,0.4,1.6,2.0,2.0,0.5,0.4,1.4,1.1,3.3
Lonnie Walker,73,"$2,764,200",SG,21,SAS,53,4,14.5,2.2,5.0,.434,0.5,1.3,.408,1.6,3.7,.444,.489,0.7,1.0,.717,0.4,1.8,2.2,0.9,0.5,0.2,0.6,1.3,5.6
Brad Wanamaker,73,"$1,445,697",PG,30,BOS,63,1,19.3,2.2,5.0,.428,0.5,1.4,.367,1.6,3.6,.452,.480,1.7,1.8,.931,0.3,1.7,2.0,2.5,0.8,0.2,1.1,1.9,6.6
Tyler Herro,73,"$3,640,200",SG,20,MIA,47,6,27.2,4.7,11.3,.414,2.1,5.4,.391,2.6,5.9,.434,.507,1.4,1.7,.835,0.3,3.7,4.0,1.9,0.6,0.1,1.5,1.3,12.9
Vincent Poirier,73,"$2,505,793",C,26,BOS,21,0,5.4,0.8,1.6,.485,0.0,0.1,.500,0.7,1.5,.484,.500,0.3,0.3,.857,0.5,1.1,1.6,0.3,0.1,0.3,0.3,1.1,1.9
Sekou Doumbouya,73,"$3,285,120",SF,19,DET,38,19,19.8,2.4,6.2,.390,0.7,2.6,.286,1.7,3.6,.464,.449,0.8,1.2,.674,0.5,2.6,3.1,0.5,0.5,0.2,0.9,2.1,6.4
Brandon Clarke,73,"$2,478,840",PF,23,MEM,50,3,21.7,5.1,8.2,.623,0.4,1.0,.404,4.7,7.1,.654,.648,1.5,1.9,.785,1.6,4.3,5.8,1.4,0.5,0.8,0.9,1.6,12.0
Nassir Little,73,"$2,105,520",PF,19,POR,48,5,11.9,1.4,3.1,.430,0.3,1.2,.237,1.1,1.9,.554,.477,0.6,0.9,.636,0.6,1.6,2.3,0.5,0.3,0.3,0.3,1.5,3.6
Grayson Allen,72,"$2,429,400",SG,24,MEM,30,0,16.6,2.6,5.9,.449,1.1,3.0,.363,1.5,2.8,.541,.543,1.0,1.2,.857,0.2,2.0,2.2,1.4,0.2,0.0,0.8,1.2,7.4
Michael Carter-Williams,72,"$2,028,594",SG,28,ORL,42,0,18.4,2.5,5.8,.434,0.5,1.6,.294,2.0,4.1,.489,.475,1.7,2.1,.828,1.0,2.3,3.3,2.4,1.1,0.5,1.1,1.9,7.2
Troy Daniels,72,"$2,487,033",SG,28,DEN,42,0,10.9,1.5,3.8,.390,1.0,2.7,.354,0.5,1.1,.478,.516,0.2,0.4,.625,0.3,0.8,1.1,0.3,0.2,0.1,0.2,0.7,4.1
Donte DiVincenzo,72,"$2,905,800",SG,23,MIL,59,22,23.1,3.5,7.7,.462,1.3,3.7,.344,2.3,3.9,.576,.546,1.0,1.3,.769,1.0,3.9,4.9,2.3,1.4,0.3,1.2,1.6,9.4
Jared Dudley,72,"$2,564,753",SF,34,LAL,40,1,7.8,0.5,1.3,.400,0.4,0.9,.471,0.1,0.4,.250,.560,0.1,0.1,1.000,0.1,1.0,1.1,0.5,0.3,0.1,0.2,0.9,1.5
Tim Frazier,72,"$1,620,564",PG,29,DET,27,11,13.1,1.3,3.5,.362,0.4,1.1,.333,0.9,2.4,.375,.415,0.7,0.9,.792,0.3,0.9,1.2,3.4,0.5,0.1,1.3,1.6,3.6
Langston Galloway,72,"$7,333,333",SG,28,DET,66,6,25.8,3.6,8.2,.435,2.0,5.0,.399,1.6,3.2,.493,.557,1.1,1.3,.859,0.5,1.8,2.3,1.5,0.7,0.2,0.6,1.5,10.3
Justin Holiday,72,"$4,767,000",SG,30,IND,65,2,24.9,2.9,6.6,.440,1.9,4.4,.424,1.0,2.2,.472,.581,0.7,0.9,.780,0.5,2.7,3.2,1.3,1.2,0.6,0.6,1.8,8.4
Chandler Hutchison,72,"$2,332,320",SF,23,CHI,28,10,18.8,2.9,6.3,.457,0.4,1.4,.316,2.4,4.9,.496,.491,1.6,2.8,.590,0.6,3.2,3.9,0.9,1.0,0.3,1.0,1.7,7.8
Wesley Iwundu,72,"$1,618,520",SF,25,ORL,45,18,18.0,1.7,4.3,.397,0.5,1.5,.313,1.2,2.8,.441,.451,1.4,1.7,.816,0.5,2.0,2.5,1.0,0.6,0.2,0.4,1.4,5.3
Brandon Knight,72,"$15,643,750",PG,28,DET,25,3,18.5,2.4,6.7,.353,1.8,5.2,.344,0.6,1.4,.389,.488,0.8,1.4,.588,0.2,1.5,1.6,2.8,0.4,0.1,1.5,1.6,7.3
Courtney Lee,72,"$12,759,670",SG,34,DAL,24,9,14.4,1.7,3.4,.488,0.9,2.0,.447,0.8,1.5,.543,.616,0.3,0.3,.857,0.3,1.0,1.3,0.5,0.8,0.3,0.5,1.4,4.5
Thon Maker,72,"$3,569,643",C,22,DET,60,14,12.9,1.6,3.2,.482,0.4,1.1,.344,1.2,2.2,.550,.539,1.2,1.8,.664,0.9,1.9,2.8,0.7,0.4,0.7,0.8,1.7,4.7
Patrick McCaw,72,"$4,000,000",SF,24,TOR,37,12,24.5,1.8,4.4,.414,0.6,1.9,.324,1.2,2.5,.484,.485,0.4,0.5,.722,0.5,1.8,2.3,2.1,1.1,0.1,0.8,1.6,4.6
Rodney McGruder,72,"$4,807,693",SG,28,LAC,50,3,15.0,1.2,3.1,.391,0.4,1.6,.278,0.8,1.5,.506,.462,0.3,0.6,.536,0.5,2.0,2.6,0.6,0.5,0.2,0.4,1.3,3.2
Raul Neto,72,"$1,737,145",PG,27,PHI,49,3,11.5,1.6,3.6,.451,0.6,1.4,.394,1.0,2.1,.490,.531,0.5,0.6,.839,0.2,0.8,1.1,1.6,0.4,0.1,0.9,0.9,4.3
Georges Niang,72,"$1,645,357",PF,26,UTA,58,0,13.3,2.1,4.6,.453,1.3,3.2,.416,0.7,1.4,.538,.598,0.3,0.4,.864,0.2,1.7,1.9,0.6,0.2,0.1,0.4,1.1,5.8
Anfernee Simons,72,"$2,149,560",SG,20,POR,65,4,21.5,3.2,8.1,.402,1.1,3.4,.338,2.1,4.7,.448,.472,1.2,1.4,.826,0.4,1.9,2.3,1.5,0.4,0.2,0.9,2.0,8.8
Zhaire Smith,72,"$3,058,800",SG,20,PHI,7,0,4.6,0.4,1.6,.273,0.0,0.4,.000,0.4,1.1,.375,.273,0.3,0.6,.500,0.0,0.3,0.3,0.3,0.4,0.0,0.3,0.6,1.1
Anthony Tolliver,72,"$2,564,753",PF,34,MEM,47,9,15.6,1.1,3.3,.348,0.8,2.6,.322,0.3,0.7,.441,.474,0.4,0.5,.720,0.6,2.2,2.8,0.7,0.3,0.2,0.6,1.4,3.5
Alfonzo McKinnie,72,"$2,391,985",SF,27,CLE,40,1,14.8,1.8,4.3,.427,0.4,1.6,.215,1.5,2.7,.557,.468,0.6,0.8,.710,0.9,1.9,2.8,0.4,0.6,0.2,0.7,1.8,4.6
Romeo Langford,72,"$3,458,400",SG,20,BOS,27,1,11.0,0.9,2.4,.375,0.2,0.9,.217,0.7,1.5,.463,.414,0.6,0.9,.696,0.5,0.7,1.2,0.2,0.3,0.2,0.3,1.1,2.6
Grant Williams,72,"$2,379,840",PF,21,BOS,62,5,15.6,1.3,3.1,.417,0.3,1.4,.247,1.0,1.7,.551,.471,0.6,0.8,.725,0.9,1.7,2.7,1.0,0.5,0.5,0.7,2.4,3.5
Nicolas Claxton,72,"$898,310",PF,20,BRK,15,0,12.5,1.8,3.2,.563,0.1,0.5,.143,1.7,2.7,.634,.573,0.7,1.4,.524,1.3,1.7,2.9,1.1,0.1,0.5,0.6,0.9,4.4
Ryan Arcidiacono,72,"$3,000,000",PG,25,CHI,58,4,16.0,1.6,3.8,.409,0.9,2.4,.391,0.6,1.4,.439,.532,0.5,0.7,.711,0.3,1.6,1.9,1.7,0.5,0.1,0.6,1.7,4.5
Ryan Broekhoff,72,"$1,416,852",SG,29,DAL,17,1,10.6,1.3,3.5,.373,1.2,3.0,.392,0.1,0.5,.250,.542,0.4,0.5,.875,0.3,2.2,2.5,0.6,0.3,0.2,0.4,0.9,4.2
Goga Bitadze,72,"$2,816,760",C,20,IND,49,2,8.4,1.2,2.6,.473,0.1,0.7,.167,1.1,1.9,.591,.496,0.5,0.7,.727,0.4,1.5,2.0,0.4,0.1,0.7,0.5,1.2,3.1
De'Anthony Melton,72,"$1,416,852",PG,21,MEM,52,8,19.4,2.8,6.8,.419,0.7,2.3,.316,2.1,4.5,.470,.472,1.7,2.0,.821,0.7,3.0,3.7,3.0,1.3,0.3,1.5,1.8,8.1
Kenrich Williams,72,"$1,416,852",PF,25,NOP,35,18,22.3,1.4,4.1,.343,0.7,2.7,.260,0.7,1.3,.511,.430,0.3,0.7,.375,1.4,3.7,5.1,1.5,0.7,0.6,0.6,2.3,3.8
Nickeil Alexander-Walker,72,"$2,964,840",SG,21,NOP,41,0,12.2,1.9,5.5,.339,1.0,2.9,.342,0.9,2.7,.336,.427,0.4,0.7,.607,0.2,1.8,2.0,1.8,0.3,0.2,1.0,1.1,5.1
Matisse Thybulle,72,"$2,582,160",SG,22,PHI,57,13,19.5,1.7,4.1,.410,0.9,2.5,.352,0.8,1.6,.500,.517,0.4,0.7,.610,0.6,0.9,1.5,1.2,1.4,0.7,0.8,2.1,4.7
Cameron Johnson,72,"$4,033,440",PF,23,PHO,49,1,20.3,2.8,6.6,.418,1.9,4.7,.397,0.9,2.0,.469,.558,0.7,0.9,.761,0.8,2.1,2.9,1.1,0.6,0.3,0.6,1.5,8.1
Ty Jerome,72,"$2,193,480",PG,22,PHO,28,0,11.3,1.3,3.8,.349,0.5,1.7,.277,0.9,2.1,.407,.410,0.4,0.5,.786,0.2,1.3,1.5,1.5,0.5,0.1,0.6,1.0,3.5
Keldon Johnson,72,"$1,950,600",SF,20,SAS,9,0,10.2,1.8,3.4,.516,0.2,0.6,.400,1.6,2.9,.538,.548,0.8,1.1,.700,0.6,1.3,1.9,0.7,0.6,0.1,0.3,1.0,4.6
Matt Thomas,72,"$898,310",SG,25,TOR,33,0,9.7,1.6,3.4,.486,1.1,2.3,.467,0.6,1.1,.528,.644,0.2,0.3,.700,0.2,1.2,1.5,0.5,0.2,0.0,0.4,0.9,4.5
Chris Boucher,71,"$1,588,231",PF,27,TOR,55,0,13.2,2.2,4.7,.458,0.5,1.8,.283,1.7,2.9,.565,.512,1.5,1.9,.796,1.7,2.7,4.4,0.4,0.4,1.0,0.4,1.9,6.3
Jevon Carter,71,"$1,416,852",PG,24,PHO,50,2,15.1,1.6,4.1,.400,0.9,2.3,.393,0.7,1.8,.409,.512,0.4,0.5,.840,0.5,1.5,2.0,1.3,0.8,0.3,0.6,1.5,4.6
Jacob Evans,71,"$1,925,880",SG,22,MIN,29,1,14.4,1.6,4.6,.336,0.4,1.3,.333,1.1,3.3,.337,.384,0.9,1.0,.862,0.3,1.1,1.4,1.1,0.4,0.4,0.9,1.4,4.4
Terrance Ferguson,71,"$2,475,840",SF,21,OKC,50,37,23.4,1.5,4.0,.372,0.9,3.1,.297,0.6,0.9,.636,.487,0.3,0.4,.789,0.5,1.0,1.5,0.9,0.5,0.3,0.6,2.9,4.2
Daniel Gafford,71,"$898,310",C,21,CHI,43,7,14.2,2.2,3.1,.701,0.0,0.0,,2.2,3.1,.701,.701,0.7,1.4,.533,1.2,1.3,2.5,0.5,0.3,1.3,0.7,2.3,5.1
Treveon Graham,71,"$1,645,357",SG,26,ATL,55,20,16.9,1.6,4.4,.360,0.6,2.2,.275,1.0,2.2,.443,.428,0.7,1.0,.643,0.9,1.8,2.7,0.8,0.4,0.1,0.5,1.9,4.4
Frank Jackson,71,"$1,618,520",PG,21,NOP,51,1,12.9,1.9,5.0,.385,0.8,2.4,.325,1.2,2.7,.438,.461,0.9,1.3,.750,0.4,1.0,1.4,0.8,0.3,0.1,0.8,1.3,5.6
Luke Kornet,71,"$2,250,000",C,24,CHI,36,14,15.5,2.3,5.2,.439,0.9,3.0,.287,1.4,2.2,.646,.521,0.6,0.8,.714,0.6,1.7,2.3,0.9,0.3,0.7,0.4,1.5,6.0
Ben McLemore,71,"$2,028,594",SG,26,HOU,63,19,22.8,3.3,7.5,.445,2.4,6.2,.395,0.9,1.3,.688,.609,0.7,1.0,.758,0.3,1.9,2.2,0.9,0.6,0.2,0.7,2.1,9.8
Elie Okobo,71,"$1,416,852",PG,22,PHO,54,3,13.1,1.3,3.4,.398,0.5,1.3,.352,0.9,2.0,.427,.467,0.9,1.2,.687,0.3,1.3,1.6,2.1,0.4,0.1,0.7,1.0,4.0
Jerome Robinson,71,"$3,567,720",SG,22,WAS,55,4,13.6,1.4,3.9,.347,0.6,1.9,.298,0.8,2.0,.393,.419,0.4,0.5,.690,0.2,1.8,1.9,1.2,0.4,0.3,0.6,1.5,3.7
JaKarr Sampson,71,"$1,737,145",SF,26,IND,26,10,13.1,1.8,3.1,.593,0.1,0.5,.154,1.8,2.6,.676,.605,0.4,0.8,.550,0.6,1.7,2.3,0.3,0.3,0.3,0.3,1.7,4.2
Edmond Sumner,71,"$2,000,000",PG,24,IND,25,2,13.8,1.9,4.4,.423,0.4,1.5,.263,1.5,2.9,.507,.468,0.4,0.6,.667,0.4,1.1,1.5,1.6,0.6,0.3,0.8,1.4,4.6
Moritz Wagner,71,"$2,063,520",C,22,WAS,37,5,19.1,3.5,6.2,.575,0.6,1.8,.343,2.9,4.4,.671,.625,1.8,2.2,.817,1.4,3.8,5.2,1.3,0.6,0.5,1.5,3.6,9.5
Admiral Schofield,71,"$1,000,000",SF,22,WAS,27,2,10.9,1.1,2.8,.400,0.5,1.7,.298,0.6,1.0,.571,.493,0.3,0.5,.692,0.2,1.0,1.3,0.5,0.3,0.1,0.3,1.5,3.1
Bruno Fernando,71,"$1,400,000",C,21,ATL,56,13,12.7,1.8,3.6,.518,0.1,0.7,.135,1.8,2.9,.605,.530,0.5,0.9,.569,1.2,2.3,3.5,0.9,0.3,0.3,0.8,1.9,4.3
Eric Paschall,71,"$898,310",PF,23,GSW,60,26,27.6,5.3,10.7,.497,0.6,2.2,.287,4.7,8.5,.550,.526,2.7,3.5,.774,1.4,3.2,4.6,2.1,0.5,0.2,1.6,2.1,14.0
Carsen Edwards,71,"$1,228,026",SG,21,BOS,35,0,9.0,1.1,3.2,.327,0.6,1.9,.309,0.5,1.3,.356,.420,0.3,0.4,.846,0.2,1.1,1.2,0.6,0.3,0.1,0.4,0.9,3.0
KZ Okpala,71,"$898,310",SF,20,MIA,5,0,5.2,0.6,1.0,.600,0.0,0.2,.000,0.6,0.8,.750,.600,0.2,0.4,.500,0.2,0.8,1.0,0.2,0.4,0.2,0.2,0.4,1.4
Shake Milton,71,"$1,445,697",SG,23,PHI,32,16,19.1,3.4,6.8,.498,1.5,3.3,.453,1.9,3.5,.541,.608,1.2,1.6,.765,0.3,1.8,2.1,2.2,0.6,0.2,1.2,2.2,9.5
Chimezie Metu,71,"$1,416,852",PF,22,SAS,16,0,4.6,1.3,2.2,.571,0.0,0.1,.000,1.3,2.1,.588,.571,0.4,0.5,.750,0.6,1.0,1.6,0.4,0.1,0.3,0.3,0.3,2.9
Keita Bates-Diop,70,"$1,416,852",SF,24,DEN,39,0,17.1,2.3,5.3,.428,0.8,2.4,.330,1.5,2.9,.509,.502,1.3,1.8,.710,0.5,2.3,2.9,0.8,0.4,0.5,0.4,1.0,6.6
Darius Bazley,70,"$2,284,800",PF,19,OKC,53,8,17.2,1.7,4.3,.383,0.6,1.9,.300,1.1,2.5,.446,.448,0.6,0.9,.681,0.4,3.3,3.7,0.5,0.4,0.7,0.8,0.8,4.5
Tony Bradley,70,"$1,962,360",C,22,UTA,50,2,10.7,2.1,3.1,.665,0.0,0.0,1.000,2.0,3.1,.662,.668,0.5,0.8,.650,1.8,2.5,4.3,0.3,0.2,0.5,0.5,2.0,4.7
Hamidou Diallo,70,"$1,416,852",SF,21,OKC,38,3,18.4,2.6,5.8,.452,0.2,0.9,.200,2.4,4.8,.500,.468,0.7,1.2,.622,0.8,2.4,3.2,0.6,0.7,0.2,1.0,2.2,6.1
Melvin Frazier,70,"$1,416,852",SG,23,ORL,15,0,3.4,0.4,1.1,.353,0.3,0.5,.571,0.1,0.7,.200,.471,0.1,0.3,.500,0.1,0.2,0.3,0.1,0.3,0.1,0.2,0.5,1.2
Solomon Hill,70,"$13,290,395",SF,28,MIA,54,4,18.4,1.9,4.6,.403,1.1,2.9,.378,0.8,1.7,.446,.522,0.6,0.8,.714,0.5,2.4,2.9,1.8,0.7,0.2,0.9,1.4,5.4
Alize Johnson,70,"$1,416,852",SF,23,IND,13,0,4.2,0.5,1.2,.467,0.0,0.0,,0.5,1.2,.467,.467,0.3,0.5,.667,0.5,0.8,1.4,0.2,0.0,0.0,0.2,0.5,1.4
Sviatoslav Mykhailiuk,70,"$1,416,852",SF,22,DET,56,27,22.6,3.0,7.2,.410,2.1,5.1,.404,0.9,2.1,.425,.552,1.0,1.3,.814,0.3,1.6,1.9,1.9,0.7,0.1,1.1,1.6,9.0
Johnathan Motley,70,"$79,568",PF,24,LAC,13,0,3.2,0.8,1.2,.733,0.1,0.1,1.000,0.8,1.1,.714,.767,0.4,0.5,.714,0.2,0.5,0.8,0.6,0.2,0.0,0.4,0.5,2.2
Abdel Nader,70,"$1,618,520",SF,26,OKC,48,5,15.8,2.1,4.6,.455,0.8,2.2,.371,1.3,2.4,.530,.543,1.0,1.3,.774,0.3,1.6,1.9,0.7,0.4,0.4,0.8,1.4,6.0
Caleb Swanigan,70,"$2,033,160",PF,22,POR,27,1,10.7,1.0,1.7,.596,0.0,0.1,.000,1.0,1.7,.622,.596,0.3,0.6,.529,1.0,2.7,3.7,1.1,0.1,0.3,1.4,2.3,2.4
Jarred Vanderbilt,70,"$1,416,852",SF-PF,20,MIN,11,0,4.2,0.5,0.7,.625,0.0,0.1,.000,0.5,0.6,.714,.625,0.2,0.2,1.000,0.3,0.5,0.8,0.2,0.3,0.1,0.6,0.5,1.1
Jordan Poole,70,"$1,964,760",SG,20,GSW,57,14,22.4,2.9,8.8,.333,1.3,4.6,.279,1.6,4.2,.392,.406,1.7,2.1,.798,0.2,1.9,2.1,2.4,0.6,0.2,1.3,1.6,8.8
Talen Horton-Tucker,70,"$898,310",SG,19,LAL,2,0,2.5,0.0,0.5,.000,0.0,0.5,.000,0.0,0.0,,.000,0.0,0.0,,0.0,0.0,0.0,1.0,0.5,0.0,0.0,0.0,0.0
Thanasis Antetokounmpo,70,"$1,445,697",SF,27,MIL,18,2,5.2,1.1,2.0,.528,0.0,0.4,.000,1.1,1.6,.655,.528,0.4,0.8,.467,0.6,0.4,1.1,0.5,0.3,0.1,0.6,0.7,2.5
Naz Reid,70,"$898,310",C,20,MIN,30,11,16.5,3.3,8.1,.412,1.1,3.2,.330,2.3,4.9,.466,.477,1.2,1.8,.698,1.1,3.0,4.1,1.2,0.6,0.7,0.7,2.8,9.0
Ignas Brazdeikis,70,"$898,310",SF,21,NYK,9,0,5.9,0.7,2.4,.273,0.1,1.0,.111,0.6,1.4,.385,.295,0.4,0.6,.800,0.2,0.3,0.6,0.4,0.0,0.1,0.2,0.3,1.9
Deonte Burton,70,"$1,416,852",SG,26,OKC,34,0,8.4,1.1,3.1,.371,0.3,1.4,.217,0.9,1.7,.492,.419,0.2,0.4,.500,0.2,1.2,1.4,0.3,0.1,0.3,0.4,0.8,2.8
Justin James,70,"$898,310",SG,23,SAC,34,0,6.4,1.0,2.3,.423,0.3,0.8,.346,0.7,1.5,.462,.481,0.3,0.6,.476,0.2,0.7,0.9,0.5,0.2,0.3,0.2,0.5,2.5
Henry Ellenson,69,"$79,568",PF,23,BRK,5,0,3.0,0.2,1.4,.143,0.0,0.8,.000,0.2,0.6,.333,.143,0.0,0.0,,0.4,0.8,1.2,0.2,0.0,0.0,0.0,0.2,0.4
Amile Jefferson,69,"$1,529,007",PF,26,ORL,18,0,4.1,0.3,0.8,.357,0.0,0.0,,0.3,0.8,.357,.357,0.3,0.8,.357,0.6,0.7,1.3,0.2,0.1,0.2,0.2,0.4,0.8
Khyri Thomas,69,"$1,416,852",SG,23,DET,8,0,7.6,0.6,2.1,.294,0.6,1.8,.357,0.0,0.4,.000,.441,0.3,0.5,.500,0.1,0.0,0.1,0.4,0.4,0.0,0.4,1.1,2.1
Theo Pinson,69,"$1,445,697",SG,24,BRK,33,0,11.1,1.4,4.7,.290,0.5,2.4,.188,0.9,2.3,.400,.339,0.5,0.5,.938,0.3,1.3,1.6,1.7,0.5,0.1,1.0,1.1,3.6
Gary Clark,69,"$1,427,191",PF,25,ORL,35,1,12.1,1.1,2.9,.376,0.8,2.5,.326,0.3,0.4,.667,.515,0.2,0.3,.889,0.8,1.7,2.4,0.4,0.1,0.4,0.1,0.9,3.2
Terance Mann,69,"$1,000,000",SG,23,LAC,35,6,7.7,0.6,1.5,.407,0.1,0.3,.250,0.5,1.2,.452,.435,0.3,0.3,.750,0.1,0.8,0.9,1.1,0.2,0.1,0.4,1.0,1.6
Tyrone Wallace,69,"$502,491",SG,25,ATL,14,0,11.4,1.0,3.1,.318,0.1,1.1,.067,0.9,2.1,.448,.330,0.8,1.2,.647,0.2,1.4,1.6,0.9,0.5,0.1,0.7,1.4,2.9
Miye Oni,69,"$898,310",SG,22,UTA,5,0,2.2,0.0,0.4,.000,0.0,0.2,.000,0.0,0.2,.000,.000,0.0,0.0,,0.0,0.4,0.4,0.0,0.0,0.0,0.2,0.0,0.0
Malcolm Miller,69,"$1,588,231",SF,26,TOR,25,1,5.0,0.3,1.0,.333,0.2,0.8,.316,0.1,0.2,.400,.458,0.0,0.2,.167,0.0,0.5,0.6,0.3,0.2,0.1,0.1,0.5,0.9
Isaac Bonga,68,"$1,416,852",SF,20,WAS,58,41,17.7,1.7,3.2,.522,0.4,0.9,.400,1.3,2.2,.574,.582,0.9,1.1,.813,1.1,2.1,3.2,1.1,0.6,0.4,0.7,2.3,4.6
Isaiah Hartenstein,68,"$1,416,852",C,21,HOU,23,2,11.6,1.9,2.9,.657,0.0,0.2,.000,1.9,2.7,.710,.657,0.8,1.2,.679,1.3,2.7,3.9,0.8,0.4,0.5,0.7,1.8,4.7
Jordan McRae,68,"$1,254,933",SG,28,DET,37,4,21.2,4.0,9.9,.407,1.2,3.4,.357,2.8,6.5,.433,.469,2.2,2.9,.761,0.5,2.9,3.4,2.5,0.6,0.4,1.2,2.0,11.5
Brandon Goodwin,68,"$522,738",PG,24,ATL,34,1,12.6,2.2,5.6,.400,0.8,2.6,.299,1.5,3.0,.485,.468,0.8,0.9,.933,0.3,1.8,2.1,1.5,0.4,0.1,0.9,1.3,6.1
Michael Frazier,68,"$79,568",SG,25,HOU,8,0,8.3,0.5,1.4,.364,0.3,1.0,.250,0.3,0.4,.667,.455,0.5,0.8,.667,0.1,0.3,0.4,0.1,0.3,0.0,0.3,1.6,1.8
Kostas Antetokounmpo,68,"$79,568",PF,22,LAL,3,0,1.7,0.0,0.0,,0.0,0.0,,0.0,0.0,,,0.0,0.0,,0.0,0.3,0.3,0.3,0.0,0.0,0.0,0.0,0.0
Jalen Lecque,68,"$898,310",PG,19,PHO,4,0,6.5,1.0,2.5,.400,0.0,1.0,.000,1.0,1.5,.667,.400,0.5,0.5,1.000,0.0,0.0,0.0,0.5,0.0,0.0,0.3,0.5,2.5
Duncan Robinson,67,"$1,416,852",SF,25,MIA,65,60,30.0,4.4,9.4,.467,3.7,8.4,.448,0.7,1.1,.614,.665,0.7,0.8,.906,0.1,3.1,3.3,1.4,0.5,0.2,0.9,2.8,13.3
